{"cameraMode":{"drawMode":0,"name":"Shaded","section":"Shading Mode"},"sceneLighting":false,"audioPlay":false,"sceneViewState":{"showFog":false,"showMaterialUpdate":false,"showSkybox":false,"showFlares":false,"showImageEffects":false,"showParticleSystems":false},"in2DMode":false,"pivot":{"x":59.680274963378909,"y":7.973028659820557,"z":75.32467651367188},"rotation":{"x":0.10602588951587677,"y":0.17915257811546327,"z":-0.019424444064497949,"w":0.9778985977172852},"size":29.799352645874025,"orthographic":false}